{
  "author": "R.I.Pienaar <rip@devco.net>",
  "description": "A hiera backend to allow the use of data while writing sharable modules",
  "source": "UNKNOWN",
  "checksums": {
    "README.md": "3c2b5884ad51ef786b8613dd8e147e2b",
    "Modulefile": "7cd4a28852f136be87acc5c71cc74a1f",
    "lib/puppet/indirector/data_binding/hiera.rb": "9a67f431134c49f86fa686b116718806",
    "lib/hiera/backend/module_data_backend.rb": "8f9da7dd8e7d02fb7beac72f187ad874"
  },
  "name": "ripienaar-module_data",
  "version": "0.0.3",
  "project_page": "https://github.com/ripienaar/puppet-module-data",
  "license": "ASL 2.0",
  "dependencies": [

  ],
  "summary": "UNKNOWN",
  "types": [

  ]
}